[
  {
    "id": "cf65cbbb-2e59-42f9-87b1-8f2806e7d9fe",
    "data": [
      {
        "text": "チーズ",
        "alias": "camera",
        "meta": "@camera",
        "userDefined": true
      }
    ],
    "isTemplate": false,
    "count": 0
  },
  {
    "id": "f52d2f09-5024-45ff-a299-d01adf8c2730",
    "data": [
      {
        "text": "ハイ",
        "userDefined": false
      },
      {
        "text": "チーズ",
        "alias": "camera",
        "meta": "@camera",
        "userDefined": true
      }
    ],
    "isTemplate": false,
    "count": 0
  }
]