[
  {
    "id": "5977d2f0-0dbc-495d-b8d1-d535067af914",
    "data": [
      {
        "text": "顔",
        "alias": "emotion",
        "meta": "@emotion",
        "userDefined": true
      },
      {
        "text": "はどう",
        "userDefined": false
      }
    ],
    "isTemplate": false,
    "count": 0
  },
  {
    "id": "127e697e-f744-4e57-bb17-6b533729f72c",
    "data": [
      {
        "text": "どんな",
        "userDefined": false
      },
      {
        "text": "顔",
        "alias": "emotion",
        "meta": "@emotion",
        "userDefined": true
      },
      {
        "text": "してる",
        "userDefined": false
      }
    ],
    "isTemplate": false,
    "count": 0
  }
]