[
  {
    "id": "1237a817-34df-42e6-a5e9-6f9769757d6b",
    "data": [
      {
        "text": "オフにして",
        "userDefined": false
      }
    ],
    "isTemplate": false,
    "count": 0,
    "updated": 1516942440
  },
  {
    "id": "d33980bc-4f22-4b82-828f-182fa33d9e33",
    "data": [
      {
        "text": "けして",
        "userDefined": false
      }
    ],
    "isTemplate": false,
    "count": 0,
    "updated": 1516942440
  },
  {
    "id": "78a45e09-c052-4dad-9177-32b3f7c66814",
    "data": [
      {
        "text": "消して",
        "userDefined": false
      }
    ],
    "isTemplate": false,
    "count": 0,
    "updated": 1516942440
  }
]