[
  {
    "id": "e7799023-983f-4421-92bb-35ea873697e5",
    "data": [
      {
        "text": "オンにして",
        "userDefined": false
      }
    ],
    "isTemplate": false,
    "count": 0,
    "updated": 1516942407
  },
  {
    "id": "e72f9c7b-ba89-4204-b3c7-3109ea80a4c7",
    "data": [
      {
        "text": "点けて",
        "userDefined": false
      }
    ],
    "isTemplate": false,
    "count": 0,
    "updated": 1516942407
  },
  {
    "id": "e1f7e914-afb6-4130-8928-af92ac459c35",
    "data": [
      {
        "text": "つけて",
        "userDefined": false
      }
    ],
    "isTemplate": false,
    "count": 0,
    "updated": 1516942407
  }
]