[
  {
    "id": "181a849e-3e09-4b8f-b282-939a0e5d1bfc",
    "data": [
      {
        "text": "宿題おわり",
        "userDefined": false
      }
    ],
    "isTemplate": false,
    "count": 0,
    "updated": 1516942336
  },
  {
    "id": "41a7bbe2-7491-4e42-b946-199bd9b6c870",
    "data": [
      {
        "text": "宿題終わり",
        "userDefined": false
      }
    ],
    "isTemplate": false,
    "count": 0,
    "updated": 1516942336
  },
  {
    "id": "b43738d3-77ef-4304-8bd0-f4762e73390e",
    "data": [
      {
        "text": "宿題終わって",
        "userDefined": false
      }
    ],
    "isTemplate": false,
    "count": 0,
    "updated": 1516942336
  },
  {
    "id": "f4911727-898e-4344-bb7c-033f85609349",
    "data": [
      {
        "text": "宿題おわって",
        "userDefined": false
      }
    ],
    "isTemplate": false,
    "count": 0,
    "updated": 1516942336
  },
  {
    "id": "78d75147-92ef-4fe2-aa80-4d913544594e",
    "data": [
      {
        "text": "宿題を終わって",
        "userDefined": false
      }
    ],
    "isTemplate": false,
    "count": 0,
    "updated": 1516942336
  },
  {
    "id": "a162800a-b1f7-40b2-b622-845af039be2f",
    "data": [
      {
        "text": "宿題をおわって",
        "userDefined": false
      }
    ],
    "isTemplate": false,
    "count": 0,
    "updated": 1516942336
  }
]