[
  {
    "id": "84ad2141-5957-4699-9348-8bde36dd7777",
    "data": [
      {
        "text": "宿題はじめて",
        "userDefined": false
      }
    ],
    "isTemplate": false,
    "count": 0,
    "updated": 1516941624
  },
  {
    "id": "518c3042-de36-416f-9900-b8f16535e6e6",
    "data": [
      {
        "text": "宿題をやるよ",
        "userDefined": false
      }
    ],
    "isTemplate": false,
    "count": 0,
    "updated": 1516941624
  },
  {
    "id": "87b7c965-af69-4808-b708-ebde0be75af4",
    "data": [
      {
        "text": "宿題やるよ",
        "userDefined": false
      }
    ],
    "isTemplate": false,
    "count": 0,
    "updated": 1516941624
  },
  {
    "id": "a12813aa-64c9-40a0-8ebe-58c474b8a017",
    "data": [
      {
        "text": "宿題を始めて",
        "userDefined": false
      }
    ],
    "isTemplate": false,
    "count": 0,
    "updated": 1516941624
  },
  {
    "id": "883c42c0-5215-4925-925f-b70b99d29f17",
    "data": [
      {
        "text": "宿題をはじめて",
        "userDefined": false
      }
    ],
    "isTemplate": false,
    "count": 0,
    "updated": 1516941624
  }
]