[
  {
    "id": "b703a86d-f785-4134-a424-d34ac14c8b89",
    "data": [
      {
        "text": "はい",
        "userDefined": false
      },
      {
        "text": "チーズ",
        "alias": "camera",
        "meta": "@camera",
        "userDefined": true
      }
    ],
    "isTemplate": false,
    "count": 0,
    "updated": 1517012789
  },
  {
    "id": "934f6cd9-31bf-4065-9d4b-8a61127debee",
    "data": [
      {
        "text": "ハイ",
        "userDefined": false
      },
      {
        "text": "チーズ",
        "alias": "camera",
        "meta": "@camera",
        "userDefined": true
      }
    ],
    "isTemplate": false,
    "count": 0,
    "updated": 1517012789
  },
  {
    "id": "2b2d8fb0-bd1a-409b-abce-20ad8016799d",
    "data": [
      {
        "text": "チーズ",
        "alias": "camera",
        "meta": "@camera",
        "userDefined": true
      }
    ],
    "isTemplate": false,
    "count": 0,
    "updated": 1517012789
  }
]