[
  {
    "id": "bded6064-099d-4b73-80da-321402a9cbf0",
    "data": [
      {
        "text": "オフにして",
        "userDefined": false
      }
    ],
    "isTemplate": false,
    "count": 0,
    "updated": 1516947254
  },
  {
    "id": "336b8fed-6121-4ef4-8434-19ca507793e9",
    "data": [
      {
        "text": "けして",
        "userDefined": false
      }
    ],
    "isTemplate": false,
    "count": 0,
    "updated": 1516947254
  },
  {
    "id": "72833dab-27a9-4cff-9d28-a3f7ac62d1b1",
    "data": [
      {
        "text": "消して",
        "userDefined": false
      }
    ],
    "isTemplate": false,
    "count": 0,
    "updated": 1516947254
  }
]