[
  {
    "id": "44735e9c-825d-492f-a51e-03ed1687228d",
    "data": [
      {
        "text": "オンにして",
        "userDefined": false
      }
    ],
    "isTemplate": false,
    "count": 0,
    "updated": 1516947227
  },
  {
    "id": "7cd7d864-1443-4346-a87a-f158f6583667",
    "data": [
      {
        "text": "入れて",
        "userDefined": false
      }
    ],
    "isTemplate": false,
    "count": 0,
    "updated": 1516947227
  },
  {
    "id": "2f3ff85c-a0a6-473b-87b3-8392c9c9872d",
    "data": [
      {
        "text": "点けて",
        "userDefined": false
      }
    ],
    "isTemplate": false,
    "count": 0,
    "updated": 1516947227
  },
  {
    "id": "3c726331-2938-428d-bd2c-f04ab7def62d",
    "data": [
      {
        "text": "いれて",
        "userDefined": false
      }
    ],
    "isTemplate": false,
    "count": 0,
    "updated": 1516947227
  },
  {
    "id": "62332dd2-41e9-4046-987f-b90683b04c57",
    "data": [
      {
        "text": "つけて",
        "userDefined": false
      }
    ],
    "isTemplate": false,
    "count": 0,
    "updated": 1516947227
  }
]