[
  {
    "id": "1dbc7108-3969-4f8a-bb7d-9a790bbdd0f0",
    "data": [
      {
        "text": "本読むよ",
        "userDefined": false
      }
    ],
    "isTemplate": false,
    "count": 0,
    "updated": 1516947077
  },
  {
    "id": "8aadf6f8-6019-40fc-aebf-72755bfdd306",
    "data": [
      {
        "text": "読書始めるよ",
        "userDefined": false
      }
    ],
    "isTemplate": false,
    "count": 0,
    "updated": 1516947077
  },
  {
    "id": "c7771f27-26ba-4de3-86b9-b7471aa0a720",
    "data": [
      {
        "text": "読書はじめるよ",
        "userDefined": false
      }
    ],
    "isTemplate": false,
    "count": 0,
    "updated": 1516947077
  },
  {
    "id": "1fe1b74c-0471-4bb9-8571-d5178aea1a2d",
    "data": [
      {
        "text": "読書するよ",
        "userDefined": false
      }
    ],
    "isTemplate": false,
    "count": 0,
    "updated": 1516947077
  }
]