[
  {
    "id": "16457e12-1dc4-4728-894e-545e27c162b2",
    "data": [
      {
        "text": "読書おわり",
        "userDefined": false
      }
    ],
    "isTemplate": false,
    "count": 0,
    "updated": 1516947182
  },
  {
    "id": "f780436d-8688-4845-8f89-4419ecf71a2f",
    "data": [
      {
        "text": "読書おわるよ",
        "userDefined": false
      }
    ],
    "isTemplate": false,
    "count": 0,
    "updated": 1516947182
  },
  {
    "id": "3e0d766e-cfff-41aa-aeab-569399134d5e",
    "data": [
      {
        "text": "読書終わり",
        "userDefined": false
      }
    ],
    "isTemplate": false,
    "count": 0,
    "updated": 1516947182
  },
  {
    "id": "e7dc46fb-f41b-48c6-991b-811148147913",
    "data": [
      {
        "text": "読書終わるよ",
        "userDefined": false
      }
    ],
    "isTemplate": false,
    "count": 0,
    "updated": 1516947182
  }
]