[
  {
    "id": "7f1b3c91-4d5a-4a01-bf58-da0065ee6ce9",
    "data": [
      {
        "text": "赤りんご",
        "alias": "list_of_red",
        "meta": "@list_of_red",
        "userDefined": true
      },
      {
        "text": "４個",
        "alias": "number_1",
        "meta": "@sys.number",
        "userDefined": true
      },
      {
        "text": "と",
        "userDefined": false
      },
      {
        "text": "青りんご",
        "alias": "list_of_green",
        "meta": "@list_of_green",
        "userDefined": true
      },
      {
        "text": "３個",
        "alias": "number_2",
        "meta": "@sys.number",
        "userDefined": true
      },
      {
        "text": "ください",
        "userDefined": false
      }
    ],
    "isTemplate": false,
    "count": 0
  },
  {
    "id": "87ba9585-6830-4393-9be8-ec106a3226a7",
    "data": [
      {
        "text": "青りんご",
        "alias": "list_of_green",
        "meta": "@list_of_green",
        "userDefined": true
      },
      {
        "text": "４個",
        "alias": "number_2",
        "meta": "@sys.number",
        "userDefined": true
      },
      {
        "text": "と",
        "userDefined": false
      },
      {
        "text": "赤りんご",
        "alias": "list_of_red",
        "meta": "@list_of_red",
        "userDefined": true
      },
      {
        "text": "３個",
        "alias": "number_1",
        "meta": "@sys.number",
        "userDefined": true
      },
      {
        "text": "ください",
        "userDefined": false
      }
    ],
    "isTemplate": false,
    "count": 0
  },
  {
    "id": "f1137c3b-7052-4b01-9259-f79f2b1de39e",
    "data": [
      {
        "text": "青りんご",
        "alias": "list_of_green",
        "meta": "@list_of_green",
        "userDefined": true
      },
      {
        "text": "３個",
        "alias": "number_2",
        "meta": "@sys.number",
        "userDefined": true
      },
      {
        "text": "ください",
        "userDefined": false
      }
    ],
    "isTemplate": false,
    "count": 0
  },
  {
    "id": "40cc2174-b770-4e81-82bb-95d920672e1e",
    "data": [
      {
        "text": "赤りんご",
        "alias": "list_of_red",
        "meta": "@list_of_red",
        "userDefined": false
      },
      {
        "text": "４個",
        "alias": "number_1",
        "meta": "@sys.number",
        "userDefined": true
      },
      {
        "text": "ください",
        "userDefined": false
      }
    ],
    "isTemplate": false,
    "count": 0
  }
]