[
  {
    "id": "7e51e46a-d2e6-46fa-9fe2-ef2967345523",
    "data": [
      {
        "text": "はい",
        "userDefined": false
      },
      {
        "text": "チーズ",
        "alias": "camera",
        "meta": "@camera",
        "userDefined": true
      }
    ],
    "isTemplate": false,
    "count": 0,
    "updated": 1517012789
  },
  {
    "id": "bc6aa364-7ecb-4fca-b643-48120fab4452",
    "data": [
      {
        "text": "ハイ",
        "userDefined": false
      },
      {
        "text": "チーズ",
        "alias": "camera",
        "meta": "@camera",
        "userDefined": true
      }
    ],
    "isTemplate": false,
    "count": 0,
    "updated": 1517012789
  },
  {
    "id": "58a1df88-80ea-4b69-b61a-cc99519d6464",
    "data": [
      {
        "text": "チーズ",
        "alias": "camera",
        "meta": "@camera",
        "userDefined": true
      }
    ],
    "isTemplate": false,
    "count": 0,
    "updated": 1517012789
  }
]