[
  {
    "id": "12ed39d5-3cfa-4a0e-8c30-57279c4e2084",
    "data": [
      {
        "text": "これは",
        "userDefined": false
      },
      {
        "text": "チンアナゴ",
        "alias": "chin",
        "meta": "@chin",
        "userDefined": true
      },
      {
        "text": "それとも",
        "userDefined": false
      },
      {
        "text": "ニシキアナゴ",
        "alias": "nishiki",
        "meta": "@nishiki",
        "userDefined": true
      }
    ],
    "isTemplate": false,
    "count": 0,
    "updated": 1517013087
  },
  {
    "id": "690a7508-0ede-4614-8d4e-a15ddef7dd3f",
    "data": [
      {
        "text": "これはなに",
        "userDefined": false
      }
    ],
    "isTemplate": false,
    "count": 0,
    "updated": 1517013087
  }
]