[
  {
    "id": "a80ad4c8-305b-4928-ae8d-2fd5a0a95543",
    "data": [
      {
        "text": "ハイ",
        "userDefined": false
      },
      {
        "text": "チーズ",
        "alias": "camera",
        "meta": "@camera",
        "userDefined": true
      }
    ],
    "isTemplate": false,
    "count": 0,
    "updated": 1517015510
  },
  {
    "id": "501d6c0f-c0f1-4854-ad06-393b26620290",
    "data": [
      {
        "text": "カメラ",
        "alias": "camera",
        "meta": "@camera",
        "userDefined": true
      }
    ],
    "isTemplate": false,
    "count": 0,
    "updated": 1517015510
  }
]