[
  {
    "id": "c188b340-bed1-465e-aba7-5c46cecc054e",
    "data": [
      {
        "text": "わたしは",
        "userDefined": false
      },
      {
        "text": "誰",
        "alias": "who",
        "meta": "@who",
        "userDefined": false
      }
    ],
    "isTemplate": false,
    "count": 0
  },
  {
    "id": "34a0202c-177b-4c28-a91f-15bcf361fbea",
    "data": [
      {
        "text": "わたしは",
        "userDefined": false
      },
      {
        "text": "誰",
        "alias": "who",
        "meta": "@who",
        "userDefined": true
      },
      {
        "text": "だ",
        "userDefined": false
      }
    ],
    "isTemplate": false,
    "count": 0,
    "updated": 1517016914
  },
  {
    "id": "61019e59-04c9-46b0-8247-4fbf848670f7",
    "data": [
      {
        "text": "誰",
        "alias": "who",
        "meta": "@who",
        "userDefined": true
      },
      {
        "text": "だ",
        "userDefined": false
      }
    ],
    "isTemplate": false,
    "count": 0,
    "updated": 1517016914
  },
  {
    "id": "ec737fce-7bd4-4f37-b3ce-160d291339ba",
    "data": [
      {
        "text": "これは",
        "userDefined": false
      },
      {
        "text": "誰",
        "alias": "who",
        "meta": "@who",
        "userDefined": true
      }
    ],
    "isTemplate": false,
    "count": 0,
    "updated": 1517016914
  }
]